Date,XRX,HES,CMG,XLNX,DVN,IPGP,AMD,MSCI,HBI,NBL,CDNS,WDC,AAPL,CELG,APTV,CAG,QCOM,LRCX,ULTA,WYNN,APA,NVDA,NFLX,PVH,SNPS,ALGN,FB,KLAC,TDG,AMP,BBY,MU,TSN,GPN,CPRT,FLT,GRMN,DOV,MAS,MCHP,DISH,NSC,JEC,HP,MCO,FAST
2013-01-01,1.3607968520299387,2.8158318007188092,0.246591825888599,-0.2054999805208709,1.087732043086019,-0.501726953775882,0.3438806731493714,0.6160659313896074,0.6519608673018448,0.5421995043879512,-0.06315775093826714,0.9924592182619063,-2.353421708679114,2.507812984229609,-0.07149858600518637,1.1689084164356225,0.2447421230991277,0.760616091120861,-0.46903824196249555,0.7408139835354564,0.48922228966773307,-0.46410010680336755,7.377321216543685,0.7726172474140857,0.4448422637003464,1.249215448443736,1.2743301064714343,1.2891082016525897,-0.41723233941857085,0.19915289294175925,4.0289890561498325,1.6539561506632912,1.2820586001813568,0.8271770042226299,2.073978730889218,1.0215293998954267,-1.3425003979879855,0.3583856655168372,0.9385042076302048,-0.1125021968746938,0.10185963635360576,1.1540019944637971,1.1969810906291043,1.5151930215964748,0.7212796532233611,0.5036373085242662
2013-02-01,0.1645518593888129,-0.13098628712364424,0.41591629937326025,0.3592792402493519,-0.6975336565318756,-1.317086363862644,-0.5733489946493252,-0.24198355480250863,0.7431481588146487,0.4274054181618518,0.2172010254261875,0.045075350824118204,-0.3396848878501758,0.5654238904598035,1.0515827592996174,0.5639694151091487,-0.0765625869754582,0.36879930047931986,-1.319005019580969,-0.8045803964759152,-1.5948771557743673,0.5069391178401773,1.7171604950076962,0.3283995913880457,0.6161009428230205,0.03379147051899713,-1.701507967055174,0.05776050800118583,0.6590442395512506,0.5440170701165744,0.12179464338004117,1.3657968354217198,0.35538492296154195,-0.27506281937618765,-0.6704009649529826,2.04389102568884,-1.2970611740739992,0.8736491266339893,0.6130672463129644,1.2733125630463742,-0.9059128804117861,0.781510267331759,0.19973717002540453,0.4204493115051446,-1.6885476560660777,0.510634620333112
2013-03-01,0.7715240403523422,0.9507291459114982,0.3560683528910208,0.3006517494232642,0.5370540416325175,1.4289285721507738,0.3000138896689776,0.3006393593077274,1.7538169881061811,0.5374815832262105,-0.20634097415487646,0.876125778577013,0.03591538636794378,1.4548863964085557,0.8047904030897814,0.6128202818295077,0.2935333146206412,-0.2527338608403323,-1.0978954889835868,0.8602529523843903,0.48099675756846116,0.16806898191791078,0.08013599796762025,-1.6557222309815767,0.3020883339305273,0.803412125625212,-0.7968583720580977,-0.47357683772931924,0.9033737854616868,0.8894854648982434,3.87649048529113,2.2016624654410113,1.1416524820570118,0.3733813059025199,0.047888186921662634,1.1810388577474138,-0.32994728715896104,-0.08099718775496137,0.6315658642678759,0.10322326160443471,1.0752057224011655,0.6766165760170413,1.7775908176817024,-1.104301734200933,1.3086497254434208,-0.0734234754988717
2013-04-01,-0.026666575954390866,0.09081564573248917,1.2419889435738942,-0.07829171357446195,-0.2794938893141375,-0.5006328968325575,1.1528257837825946,0.05724720914679204,1.1017807162703617,-0.23715433236324168,-0.10740015164451154,1.0836560089033536,0.00310362590106998,0.21149222379494895,0.45768965786854954,-0.03742688172574022,-0.9522715688269952,1.2449235820506355,0.8797770227919343,1.060407921096733,-0.4654684829582951,0.8099060114409018,1.5162956863765273,0.8870343192137071,-0.09939669881299747,-0.13409325941623448,0.9409396458154444,0.32334580642102045,-0.4678471952589959,0.13605464835518666,1.8312915267244116,-0.6614764926135753,-0.08802315192107778,-0.7777661970924509,0.32296297107171446,0.03431120507706123,0.6828004812454076,-0.6299737869517972,-0.41771202396423346,-0.10955399342988005,0.38338850249083833,0.0504153269563071,-1.2376758556193412,-0.39939182608323026,1.5131490560595806,-0.47445765045451244
2013-05-01,0.27697549028732715,-0.783144752184327,-0.0692789430826001,0.8738515925220534,0.3664620503935519,-0.7964616126573691,4.004022270924732,0.3766762802960898,0.11104266369482764,0.2594289438685989,1.0539433728933718,1.5554161401916078,0.2539658712584862,0.5289404396954809,0.6782900206168893,-0.5574151902178536,0.34436024122292336,0.1379458557650772,0.39938626261526144,-0.03534065109103681,1.212593788994773,0.6260130900920948,0.5273464120996745,-0.018282418645860606,0.2767928748092252,0.8752758596340566,-1.5054073662383445,0.5069032646979127,-0.054749709184507285,1.1087886677886052,0.6676924103242894,2.4632187510846935,0.19385306150647752,0.3884707541193897,-0.28292409480155456,1.4240446809995115,-0.04908099439134009,1.5201015696216942,0.895078982872801,0.12696119892704621,-0.1915760176320653,-0.04924825917104158,1.393440212344984,0.6215277446045303,1.0407704826538497,0.7085689545736601
2013-06-01,0.42579583643547486,-0.15427724934695494,0.11638623194355542,-0.3265613853888348,-1.1024210211127552,0.3002392163468439,0.2495128683182058,-0.7248266322707281,0.3881829291265752,0.5118181933767748,-0.5532808682526239,-0.19461011746720397,-1.5862842541891777,-0.6986951697122084,0.4761992274349921,0.455427919994876,-0.4138848352070035,-0.674960652528988,1.236700212900983,-0.7566298770602723,0.2581440778525888,-0.38010417381152545,-0.873886339072304,1.0348467220024076,-0.24087124612377347,0.44664688347580583,0.27130784870732044,-0.12597781904651373,0.8881552392548269,-0.09930911468625561,-0.023396793085884847,2.5764131356470887,0.3381416299637561,-0.43839423336257316,-1.3891643827421298,-0.8653831616159895,0.6044339966056806,-0.09535951535195256,-0.9522180257987019,0.26318869058226396,1.2383012564763118,-0.6654449753043616,-0.4225116050883508,0.14407304333923845,-1.0908309884390743,-1.6459867263060333
2013-07-01,0.7692137848457817,1.2967753858836608,1.415363578335299,1.8836834819240813,0.6710263998538728,0.03202000657649898,-0.9051607852552516,0.5970061744901326,2.4098368425808103,0.4581308727324247,0.07883437422390414,0.4148609416053304,1.5131706368782467,2.605642743723781,0.6650118337230277,0.512839382784821,0.6328254470423412,1.1959990971332934,0.08889240992796507,0.4527980525708374,-0.47212980185372094,0.32177730385618736,1.6820872028753306,0.6013182629333087,0.40604262134164026,1.7196881210326573,4.483693852562812,0.5810650569566955,0.7588575198826757,1.0958584050495264,1.1020175144270523,-0.9062000559164683,0.8342093566400718,-0.002474705238911276,0.6189236547457042,1.1351998897871913,1.175781922656765,1.120394282413429,0.6383935577549799,0.7411759297328735,0.5598956303999251,0.1614014978459277,0.8158775552745984,0.13674367724467695,1.2186945295683445,0.8446724001975486
2013-08-01,0.32596406903006386,0.059837173683144916,-0.1144842950483656,-0.7699757418104977,0.42512496085776696,-1.4284223074561837,-1.6298101984425257,0.7769846988240839,-0.5940808849503768,-0.17027473951861896,-0.9070363271625671,-0.43147494623247074,0.9214372633793261,-0.5495917419493135,0.31486644965027716,-0.7821496963299084,0.36143415453938155,-0.6093649940812343,-0.1900172230230222,0.743827410594026,0.7499647835379413,0.3009148802258323,1.7127273384249833,-0.26402297018088094,-0.2437902461586878,0.13493166640879234,1.3186763401055814,-0.6137190910795515,-0.617642380395168,-0.3056895008266976,2.0540930472633083,0.2819985168312278,0.5583914157359744,0.3363599297045038,-0.2637434290504095,1.5869766330466795,0.19552057284264482,-0.0037766872219533454,-0.9298873089381655,-0.16815210458587704,0.0792522099472809,-0.15764702298291333,-0.1794071840728059,0.05638502213469756,-0.6900535207301484,-1.2424752004611461
2013-09-01,0.41184024408597664,0.45273554296504315,0.6212656056841682,0.9579897602504751,0.19431958245819594,0.5928621100135762,1.9257738575521923,0.8914613830214693,0.5856711972931021,1.0954893651144237,0.03736099921088522,0.32958461923151183,-0.27372067130731315,1.213912347847351,0.755514752511372,-1.3681755311232469,0.1961704353832833,1.1672392603475115,2.3365495735164976,1.431543793379089,-0.079662842029871,0.6736009125626572,1.075578149394719,-1.025109334458286,0.4907064412422232,1.2520929910715188,2.4695002908765176,1.2392702688068078,0.15538803966852394,0.7011721712024642,0.571626805855628,3.183057781897465,-0.29503387539209125,0.8758308775696303,0.007929697001106729,0.8333325279048897,1.4287532894624613,0.6889644984607108,1.481105498187967,0.4715592924083919,0.014004456373939256,0.8751243807362796,-0.021638388578020706,1.1291120110691852,1.2752996372006846,1.6814255805419447
2013-10-01,-0.37915552453288187,0.5336236276709515,2.2587196512334686,-0.3372235586385555,0.9896406964752988,1.7766552431939449,-1.4425180431733997,0.13792304391538937,0.9767636919995858,1.2441576836605999,-0.4469291217087458,1.0269735086985008,1.0081725348470645,-0.4089425504400282,-0.2312284266419092,0.6282528755238377,0.3476012421422888,0.638021467383131,0.8290515659333494,0.5569679147853063,0.4853758054921271,-0.2636817242025923,0.4603989066630884,0.5297806265343926,-0.3784611673156775,1.8716064593467043,-0.0043635096808612075,0.8235347872670317,0.5176303587164105,1.0826933496716575,1.448421793937527,0.13091936462937062,-0.23891805952262798,1.6680991092150539,0.15060701006086333,0.5044063086672038,0.3718476977396173,0.2364915493104709,-0.02919559507542971,0.7030358861270282,0.7570581214386626,1.2289568689309995,0.4862183328817526,1.2878458078460595,0.05128461404618938,-0.04129097237865328
2013-11-01,1.704659334967984,-0.010862235195232805,-0.07458091504397361,-0.21069128421145936,-0.5291500511454912,1.135576060317163,1.083762907638762,1.0718513195727488,0.5111276570403847,-0.8144184973541178,0.2691175222976926,0.9428026224555236,0.8531152289148596,1.0792901303207134,0.340326551023706,0.4589411010562182,0.7806189266873161,-0.5117472371051913,-0.18817383509123023,0.2763270144108585,0.3760205183960218,0.40363749703447294,1.5881739263312364,0.915474879976016,0.07244473227910533,-0.5460482885851585,-0.8297589192615339,-0.24774165961036715,0.9276948012749344,0.9952540820264743,-0.6804324989724883,2.228171199541358,1.7391823170824676,0.7426291191313598,0.8319856178311664,0.6834889752399893,0.4786219547203265,-0.06802088633513222,0.7466734751569021,0.19973219781664664,1.4611136550828208,0.2422758410236336,-0.2194272530905464,-0.007297927500085432,0.730803552841814,-0.8633541100808962
2013-12-01,0.8268278127247176,0.311703076960486,0.2026102906141729,0.39583308579102294,0.28841561902534735,0.8140074376020285,0.7352492040229942,-0.1825022465292011,0.029064275314422666,-0.3695285667797946,0.6778483418996832,1.4265234438899657,0.10635567172162512,0.5224051422720757,0.3195325522813963,0.25551936011419407,0.10877557920211901,0.5271111972205046,-3.2875721656070374,1.892829655642556,-0.7509625342648599,0.3188049643034425,0.0774970898815828,0.18671194356049997,1.2259351649502601,0.5368581843458745,1.8070671985428384,0.11034151965325119,0.3401370376710357,0.7310805335563819,-0.15078922545731807,0.364088387682465,0.6521907501087425,0.36366234841182654,0.7498222050284582,-0.46308326524630583,-0.48788368259300263,0.7435074913039413,0.18588508610763924,0.3980362091117274,0.8054410881273797,0.6835438566916925,0.6296646968961531,1.0555612407897346,0.6020826673484463,0.2501135212523864
2014-01-01,-1.377706850829602,-1.1380868601228673,0.4244038046279213,0.1299554075183965,-0.5253143339508064,-1.7873497870925583,-1.4483303619576455,-0.2776648249104087,0.1476586277356318,-1.064171170098803,0.08528771643612618,0.32035604408573476,-1.3673921673270861,-1.2754742563259742,0.15072050113278396,-0.5820091016702372,-0.0048479430304233725,-0.8776001459771928,-1.4253685409766863,1.3546909286067186,-0.7925646557505049,-0.24212631591858844,1.2717228766311632,-1.4170368524695016,-0.21186647518946153,0.4695174371767137,1.6240401910733158,-0.5699452378307907,0.4397375217585781,-1.0239570980146464,-6.326085275503206,0.6914174163531135,1.3358433425955267,0.20140960419632595,-0.8022169421599289,-1.1660693342171047,-0.29988428264245365,-1.3094347240524913,-0.8350693863601288,0.029467917588419483,-0.32337854199659255,-0.03106508665716088,-0.44240867406281437,0.5522697986754496,-0.6101254213750915,-0.8723687269570788
2014-02-01,0.17004325280798757,0.7745894776704766,0.31462548409068236,1.630315488377271,1.1162898289473024,0.937917971439165,1.0407813040926912,0.30385711152533484,0.6149802452765719,1.332550034287399,1.0904897323461482,0.12561809562397394,0.7416450189128407,0.7484469349061135,1.2447414389637277,-1.4955849782772237,0.18984629040849604,0.2903112517990407,0.6020122582404275,1.5221673889154812,-0.16126881128494844,2.1500588264102958,1.1269352408003903,0.600590033913214,0.1784755865850959,-1.6852298909882168,1.1932026862199008,0.8650530448193599,0.8540981377329508,0.4785488940209655,1.6358395747725465,0.6460148803226187,0.7333412411628487,0.8326227098227426,0.806805339051817,2.65982519733452,2.3196583069066175,1.1359023094162892,1.3062143771283763,0.30633421802136623,0.5664349058575266,-0.01950689496277625,-0.013114558197801055,1.6170502009979588,0.8104061875679874,0.9494385069812609
2014-03-01,0.35982512641303427,0.4572699925022358,0.06014446974482845,0.46666888530414596,0.5002933976480977,-0.11592582745871641,0.9331129379363273,-0.19093822587432543,0.5129032053529972,0.3914476486066187,0.1632678549335159,0.6885776240292042,0.2370781958780032,-1.6928295488159861,0.23031151453743157,1.0627817417155154,0.6118332639306504,0.7355442843848411,0.9945302599999499,-1.0512929948953222,0.5415099582216258,-0.31084923801677444,-2.829271463224703,-0.15859980520168576,-0.6061438122141446,-0.1244730871339784,-1.5349561004908228,0.7132922580501935,0.46639949681340404,0.11832647626303539,-0.020856651690358434,-0.2658419351820826,1.3125971049826126,0.13235394255556696,-0.013183494551497149,-1.4543338206395195,0.452863927216142,0.5921697391706263,-0.6006522197679773,0.5685306321658169,0.6683261458044052,0.6678217895272509,0.5510415340927574,1.0254900804654783,0.04850813629212869,0.5249065305240679
2014-04-01,0.8109110472765925,0.8764662256063035,-1.5672699854959178,-1.6774731095323259,0.5381792046067178,-1.1415284672296526,0.23704450759226484,-0.7125164250312976,0.8494386282307315,0.12435264243695132,0.015434438797897722,-0.49902060140219245,1.1371340948079771,0.6206320831226781,-0.18173917409669182,-0.07779317858470781,-0.022847677576388687,0.5563536664825541,-1.2624110579027685,-1.029264752012744,0.58012059436766,0.3694630155250786,-1.0684878380335823,0.07669172338643951,-0.24938451485446683,-0.32885241040238944,-0.09198569902519506,-0.9288767087716983,-0.4846015798247231,0.16887918070770483,-0.22010753135381686,1.1869858132451698,-0.5695442057424766,-0.744907929410724,-0.03963634722899397,-0.10155812364871475,0.39306010717926754,0.6638633135364878,-1.1568986519174747,-0.055399800808282794,-1.0790835222367745,-0.26192181008725784,-1.1493925058303194,0.12099211788492781,-0.12469677211243309,0.24789001090879115
2014-05-01,0.2553306436530101,0.28461674694724187,1.116117388734807,0.016213304411002386,0.6506110173253028,-0.2874949369504528,-0.2670077549084592,0.7515022229219885,0.5701077074796336,0.07851835466942275,0.8412746874540301,-0.03137389970582781,0.9091818651545807,0.4816007797932437,0.4457538973200182,0.6841520249707449,0.26238731579769775,0.888998758269232,-0.39074155482252226,0.7088865555135145,0.8562642721682708,0.39463404777706146,3.1247863674496634,0.5690300815132905,0.27435258507425103,0.9650915611279445,0.686570167938092,0.3695786245588305,0.7099035520143113,0.1679787117343666,0.7750409093217108,1.0842681015981752,0.16097536512246266,0.31380606317526755,-0.23386066242037268,1.2263099517291822,0.37447919462146806,0.1717056278711289,0.7018171581317163,0.1075561481948932,0.37399132789126405,0.7647011232457004,-0.5598236805744243,0.21241367989191157,1.072141160974196,-0.3229984930697813
2014-06-01,0.10965036897302677,0.9898083273243972,0.9570527422718281,0.08910879558990174,0.8999158205564532,1.0377965271718854,0.5568766376470761,0.7255335456890778,1.785574751773881,0.8654804311207789,0.561834075260022,0.6460483515879043,0.3274358345407565,1.3855697875541049,-0.05573417613396801,-1.0151265635852285,-0.1251015485662807,1.0596711916978074,0.886569725258677,-0.4209393431831838,0.916665201522253,-0.29409821223372623,0.6367534243238419,-1.454951229883754,0.10244470771248526,0.3101845255826928,0.733516004502588,1.2379234540421717,0.19629949906000352,0.7627332122812298,1.4424944748602306,1.7032112691797847,-1.4778669761347278,0.7283217495250344,0.1308552811564263,0.5010602849436983,0.49489493678080054,0.5080219475348063,0.5515921407589429,0.30123187710632465,1.2463109944584094,0.2685363941070142,-0.39652898871129016,0.6541479878910001,0.2937776870483249,0.18078480705622538
2014-07-01,0.7312043706373934,0.010421254497771437,1.4505388550697222,-1.6034525250236884,-0.576917027895722,-0.24399223146131446,-0.7922347551676846,-0.15088498777633785,-0.08526344781863658,-1.718426307290705,-0.4406136642359499,0.9051974615908068,0.3244656977593824,0.1681509912874066,-0.32792097566716527,0.2913813888237607,-0.8213147154031997,0.403009141345464,0.11470826817145317,0.3071005022803474,0.2588993356136795,-0.6612645571473809,-0.47453170783699133,-0.6487100052840652,-0.3140884591330742,-0.3802950490170724,0.8778965260821304,-0.18279429481553053,0.04510986783795074,-0.03824519942464232,-0.48284380808548694,-0.8662685959830783,-0.10113469552991865,-0.5772044681581785,-0.8527935884404519,0.08571708087599267,-1.16305386903837,-0.6730398526932245,-0.7461431673089567,-0.9258504451838924,-0.5793928812830068,-0.09005412127050719,-0.5437229658568551,-1.0154319285086975,-0.08656609647653912,-1.1895853923633175
2014-08-01,0.48768946349392805,0.2543049453244866,0.10924146290918568,0.40685620260123384,-0.0127226190708403,0.23466192326768484,0.7725438978931591,0.23372751103853678,0.7443100971549834,0.9786861059516951,0.5572673416523911,0.36907727632518833,0.8958199824195351,1.037478851464666,0.5416730631843502,0.7973375690522392,0.44748784349162063,0.32303661677781165,0.6303911775452722,-1.124850255283781,-0.09741285979408557,1.320718610604048,1.4657668220530422,0.6978162953979593,0.9553794181460875,0.0552131286107255,0.3531817658610975,0.8827948532548778,1.3548131294904913,0.6620709966425035,0.8416299969421304,0.7793709710690851,0.29524035319945063,0.590204131275205,0.3716560317809282,0.9466720294764459,-0.1514428082892769,0.35853567598714436,1.4492382653077545,1.0660359422644465,0.557093789884568,0.614340684064673,0.7106735513871153,-0.055647891647382784,0.9104542240954152,0.24632364278726146
2014-09-01,-0.4933915631936153,-0.8026092779927241,-0.2151643460355096,0.02836842771881513,-1.1702789202254227,0.017459361401557492,-2.4144448516908605,0.22671505608269144,0.5437836198778759,-0.6458500522004497,-0.2893367013739382,-0.6818574020460834,-0.20664728229844104,-0.030347481239516836,-1.5125398933886172,0.3090310833085376,-0.21157585284108996,0.48682721568931087,2.3306701969307166,-0.3663837468299317,-0.9767266966667654,-0.6333907695411114,-0.6838910485718235,0.44496332298321617,-0.3573467213465427,-0.6287472606618894,0.6584260821780072,0.36497629370798285,-0.23593376737579905,-0.2292773651605556,0.6943814618751457,0.5959944280486562,0.4060819619942789,-0.4780447235660324,-1.1360570980234557,-0.1318377772325515,-0.420695283549684,-1.0765851480065405,0.22790521857298876,-0.3997882763931359,-0.042660973032101465,0.5051049646481764,-1.1901102409618571,-0.8495558811299282,0.11867902456177665,-0.10113094770923559
2014-10-01,0.04132935595750947,-1.1644556239847557,-0.48030018014829745,0.5376475309625873,-1.4003169751505546,0.7137870280676671,-2.1594528222279434,-0.03989952731638755,-0.1882281223965942,-1.8362109194626703,0.4612651871209853,0.16270576685750684,0.7613551485381286,1.3379136290496147,1.2861254980358516,0.5290629561743979,0.5347811182446528,0.45395507325201373,0.24208208165575554,0.17026945619255188,-2.1044602360874434,0.6288951298047136,-1.5190356979031279,-0.6329082522639549,0.3476824796457636,0.19749557666862275,-0.5763056171070109,0.05133995285473687,0.15932501950247763,0.24500201994984178,0.17794555759008243,-0.3807097380217394,0.26939028295961664,1.5501047624430295,0.7176070962667882,0.6320808935686391,0.7118550041267441,-0.12206796863099287,-0.8332041094510703,-1.0000470096153329,-0.15892922026834513,-0.094655958727051,-0.311859412591279,-1.3126234504260623,0.5351247251691021,-0.14738784381119274
2014-11-01,0.6623287053183574,-2.0015946142575025,0.5221891716264091,0.3699671040737804,-0.22965954274990819,-0.24065905023900314,-0.047453164929752795,0.4746325876197096,1.3589319774371982,-2.1029558356445497,0.662935689320984,0.6447336235256258,1.3360078130830957,0.7932150867660657,0.7984599476188121,0.8124763742134358,-0.9059913404482215,0.7902404129514898,0.6093650920483388,-0.6337706835488218,-2.4684220016607643,0.9927730317923276,-1.6589785637982968,1.4103294293186601,0.757921222843511,1.0371671781148855,0.470848408857637,1.2411117875242141,0.7418965173774554,0.6359591940419205,1.9039294349136502,1.0994889825688035,0.6625423670073158,0.9382758358981754,1.1030480339194568,0.1166482933955626,0.42810786627926056,-0.3362360399118524,1.2219811129046565,0.7212018051018072,2.934142132415755,0.1890109840570902,-0.28251003218176185,-2.8352104490037213,0.2727905280839235,0.34482426076123324
2014-12-01,-0.0631212925321349,0.18206243687422816,0.3550173588836692,-0.5552108946405967,0.47520655503974535,0.4410637504834984,-0.503577111627794,-0.22001219370900696,-0.4132028338928096,-0.4150213117108026,0.06054121189502013,0.8364317621823559,-0.8545776365263591,-0.18587717894940312,-0.03617156140261464,-0.07552471088752642,0.2225166642647965,-0.4423090218006676,0.12160393561155836,-2.0946965521696557,-0.25664475289676497,-0.513888700914711,-0.16577857769337986,0.09242622341926335,0.021100273151121254,-0.20105150641899422,0.0470775283878244,0.1442512839482403,-0.08369844684560505,0.041649898787995146,-0.06603323895780572,-0.30349297400157355,-0.6254808637209179,-0.7722034501420894,0.04718389901889742,-0.24236013843004722,-0.8298368726180226,-0.812191780628492,0.46380982537230225,-0.010152610971539916,-0.9813441731260851,-0.21019942321255067,-0.44245141682271977,-0.35628760668647497,-0.6053992393880349,0.5829811161750218
2015-01-01,-0.6434249854884857,-1.1295928661082706,0.45783816457718807,-1.4513675825383736,-0.19499880726561228,-0.047178240151636214,-0.4809751134943383,1.5898629334199628,-0.027122159528449076,0.08208112051319985,-0.6683381776362894,-1.5848122766806103,0.7511061848530727,0.7965602029722708,-0.711027240459804,-0.18781805380431865,-2.1922573917781287,-0.4691743130497389,0.39775477047655194,-0.06879146558745805,0.03058555219299337,-0.5458194899052653,3.240562655979013,-1.8965070639117563,-0.1399041444884208,-0.6616058605494451,-0.34545022823400434,-1.6947900106413816,0.5757344293815571,-0.7164440997576639,-1.2852330232214193,-2.2562891905797895,-0.3344061239257218,0.9872714369256437,0.037924768605656724,-0.7155622791345829,-0.11259629126379819,-0.29866063575222573,-0.12862147762660492,-0.0027917255807470287,-0.4469054328893276,-0.9103486262458386,-2.0101459276081615,-1.5618633069786,-0.6033854826584881,-0.7883338316207829
2015-02-01,0.47479669166454314,1.4135219981561369,-0.8660543360770364,1.3429160264013416,0.28734679432848037,3.3241379609767363,2.5295072905863134,0.5943501774559694,1.983944483071008,-0.0925013597488074,0.2700164508124569,1.2674644188425526,1.2734733648121197,0.261204329980856,1.8709372234166592,-0.16953691653953556,1.9788394887092409,1.0054415882514685,0.8582454339308958,-0.36852867131278816,0.6756438828769028,1.8926365994612964,0.9585021068027252,-0.4519592622513855,1.0152599928577732,1.033703552905197,0.5241543325974921,0.8365154719503345,0.7117007501177464,0.9502896552815959,1.0500162950336054,0.6196794629573666,0.7816017343305633,0.679649833266273,0.2938727602942497,1.1676473111886518,-0.7102106620886754,0.4642453787815832,0.7019192223066552,1.794352034235969,0.8559850456334205,0.9768507783682266,2.0116604660038755,1.711205714208485,0.8367127425210902,-0.8799051993961552
2015-03-01,-0.6681376373118751,-1.1150724259185696,-0.2513027543976177,-0.018938596363275228,-0.19222314806117852,-0.38873930244002497,-1.7045036364994253,1.015207413343222,0.5693848836845884,0.3980219545817327,0.04980240095113078,-1.7900874350827203,-0.36510624118706914,-0.6047678669761314,0.1300210631519612,0.4966404007819488,-0.44550735791466506,-1.81150807568127,0.7929951193028209,-1.4205108577430843,-1.001104081691247,-0.602304826764071,-1.498057178187151,0.0032244633381130834,-0.02223468494609226,-0.7340671074170662,0.461968087818393,-1.24099740495016,0.09782595564941761,-0.24168498183574458,-0.030071411994187613,-1.404841408587356,-0.8665879179709101,-0.022468701746685936,0.04582482029531765,-0.1889370716719135,-0.38606792467756834,-0.4755488209396941,0.22090989931844074,-0.5421258475880675,-0.7865760073673655,-0.6742448984122145,0.2099007310915957,0.1712286827161637,0.7831867476691119,-0.030363937080398952
2015-04-01,-1.331964095335256,1.4989397742199717,-0.551091289094632,0.29700420202933414,1.477119265608,-0.5455478458171552,-2.0454241244132683,-0.0235120938012394,-0.9033486740811616,0.43851432418113023,0.13588654254391663,0.856094546727404,0.06923764114119398,-0.7761280233525735,0.48083388892218243,-0.021821751117671876,-0.2341688889801739,0.8792858425299173,0.019075865375045735,-1.5020218613080318,1.5492210194720402,0.7069011298720325,3.471895827126473,-0.36704362918247213,0.1442080965176235,1.076811660251435,-0.5143971026183501,0.10453279654625668,-0.36711551710449575,-0.4578585064016487,-1.0409605186365745,0.4343579631671686,0.370208880631314,1.0759413133950577,-0.6564392889868659,0.7676521788702764,-0.6032977917655439,1.0943771935710342,-0.047914328256810676,-0.3082222446406646,-0.41828118533088654,-0.1757895929952947,-0.6272734030154423,1.6294516434493063,0.4225318201862415,0.4170587654252704
2015-05-01,-0.08795667903352951,-1.6390337349089754,-0.11857870861414081,1.216466546566453,-0.5647965334594967,0.8603923030592583,0.11101382905544313,0.21287183612843624,0.35195722739421154,-1.807804118016025,0.7475665710354554,-0.049081857491377126,0.558701520274534,0.722787454526206,0.6342667230771546,0.8295117321626295,0.30751017678643633,1.0656026484526202,0.12695102726547916,-1.1807027251978333,-1.6846015010158581,0.018394953288762117,1.4436997213635778,0.16077919323987708,0.7840904599863097,0.38590540943395296,0.06700538821690638,0.29040444307221774,0.8002584161381554,-0.06958828271955642,0.01816745243708571,-0.08990354247994208,0.9370526379158397,0.509876985251752,-0.34837663666237995,-0.7045888791308053,0.08059948141928856,0.027744496613833314,0.2729021970302814,0.4751882568555882,0.5698040448412021,-1.0831318587544096,0.11704595831238826,-0.7172269882606643,0.1067968982651224,-0.3325075272073664
2015-06-01,-0.7826892737519917,-0.06741206001008185,-0.19765457240603723,-0.8158443232010252,-1.0101725547947507,-1.2304994425217473,0.5875419709739191,-0.09267473784312254,0.5132395792603958,-0.2914781988244985,-0.07549346034387144,-2.4079420582065585,-0.4345650556605665,0.12889124977150496,-0.25164267006123664,1.4237335493961671,-1.14266241414381,-0.08477137415873243,0.1365297024477179,-0.2321313339444918,-0.4310472298705857,-1.0963926622497682,0.5881471544312048,1.1012829515587432,0.17317773535325015,0.3788201246290582,0.9142926180225733,-0.68231208822678,-0.06963550622735926,0.03121710987192686,-0.6344734217465484,-4.509873483468908,0.04846885471389646,-0.102516557781766,0.28768671169133203,0.29139662030807156,-0.26956282232925494,-0.8217933232609187,-0.17052109662460643,-0.40336981958028895,-0.5095427943271813,-0.5927864468978631,-0.7212678747460989,-0.4105902179550434,-0.014841346219159689,0.18340908413789425
2015-07-01,0.40195402581018125,-1.4340270828329655,2.3418500780988833,-0.6428305973574703,-2.124281636799018,0.9096097149219962,-2.496504451836241,1.168458657354198,-0.8156026273446916,-2.140192779116779,0.7388949869733882,1.1381471529622906,-0.38351022977638394,1.4409909962736098,-0.9848096656142004,0.17358302722445804,0.31744943190172964,-0.6488460366876994,0.8281417348336972,0.5175017693405178,-2.5601021867770015,-0.0915000392063934,2.2591970661904437,0.08321958124181351,0.04288797738604185,-0.0018264289746157327,1.0507475211585893,-0.6627593737964527,0.08280425023166896,0.12837012499837985,-0.11295731118491484,-0.2024148568525189,0.45307955017120416,0.9188132215744894,0.17620236717249976,-0.09137673445163079,-0.5392068197850737,-1.0433636961210053,1.4047114371784934,-1.1658737722638537,-0.5368133662630675,-0.40434074919551255,0.4153672144503852,-2.2740364305113925,0.25911301750549215,-0.007567562584458292
2015-08-01,-0.9632335884750199,0.0891431391569704,-0.5325608840373066,0.12928519199966593,-1.7651204327349208,-1.0604726562106417,-0.7703179449039067,-1.3852584087725366,-0.320951079687389,-0.6365144758349905,-0.5563321850070393,-0.5857624718760749,-0.8218654878420522,-1.2688983013520578,-0.35475621899129023,-0.6663701124781384,-1.4509502463788881,-0.6577412324568661,-0.5880482354880815,-3.765926690903158,-0.16333677745321057,1.4831458250938927,0.07534702339148283,0.30425296509780714,-0.9603157561617097,-1.2282300186818726,-0.5993397905202422,-0.566477705508964,0.18574037110430963,-1.310352857203267,1.5492986365488095,-1.4450429177662063,-0.5452080016221462,-0.07096703616535491,-0.34119061140739015,-0.44692343066829554,-1.2990518788785408,-0.29616730766274424,-0.07297364392635386,-0.09561946970117977,-1.0351910819240306,-0.8647804346856051,-0.4973472464387101,0.3954543024039188,-0.8797727420381174,-0.9916070638559342
2015-09-01,-0.49907440102256,-2.00798044805446,0.17183166920655288,0.14521812585698787,-1.6067352204434076,-1.2655893249741073,-0.6120300744600508,-0.21204149541953626,-0.4755919842680199,-1.2201078597333554,0.3892232117386272,-0.28794325089330575,-0.2646937555975056,-1.051899955733143,0.08234503613853203,-0.341671207020667,-0.6202110338275825,-1.2439490478643715,0.3927684896201383,-4.1472159857414255,-1.7319124406054467,1.105810610114129,-1.2953142378779365,-1.8548510926600628,-0.1933239092923953,0.03387437364478967,0.062901104161196,-0.026368116517080153,-0.9458590008579807,-0.3830806980678995,0.19766555152157048,-1.094099379273349,0.23050663126526627,0.35452820299552595,-0.7493596293428989,-0.9662802188188415,-0.3955706251616929,-0.9614792269054181,-0.490246076610457,0.2615924637945435,-0.1897837976164785,-0.23486162810467676,-0.919256982091562,-2.6645132272255974,-0.49201203085403916,-0.6165029206141825
2015-10-01,-0.4074210791340229,1.3272651610167525,-1.3490123297577503,1.3299211987645088,1.4049447626227767,0.9611884070209274,2.395050693875955,1.367543374384728,1.1298142240973539,2.028200862379684,0.8227306184473235,-1.9816347420675653,0.9176526789412104,1.4446449109480037,1.029393451314268,0.10248190448813058,1.1530082979993013,1.8214459585975804,0.7208374195377294,3.1526027990770404,2.1853489950063323,1.6099966344546417,0.5543249115191895,-1.3066735090154056,0.9057808472594087,1.63350331619731,1.4430517220893557,3.372893658867905,0.39434792640415384,0.7022941613994115,-0.6638057785835352,1.148595028749084,0.33006472895882,1.9825922455661134,1.098062444293692,0.5872921245923663,-0.13164251386671139,1.3673867703204576,1.658996657457353,1.3050578891759124,0.8747890753375276,0.53170848872852,0.8006818428018928,1.9987877545546242,-0.24046308630482882,0.8548502915230312
2015-11-01,1.4676553394658045,0.6103794276227276,-1.2546517663961556,0.6182082161620989,1.1700014595153803,1.2435375141774607,1.351293802541444,0.6152592750848215,-0.4710312468862055,0.2884651284835234,0.045283025896862714,-0.8602867442149229,-0.07334843690280797,-1.440886159960994,0.7362434752008122,0.11752540277318357,-2.3597464170679,0.2621175604177045,-0.5144783352281666,-1.2791884848702366,0.5364707245445004,1.4541067630824374,1.6281740113237337,0.05256811306827362,0.025185473542743253,0.24400134647283855,0.2774173244959822,-0.02429725817992697,0.8198095365018124,-0.2660159586115879,-1.2268301640346178,-0.48870326771280775,1.5459995222610199,0.48304005885904894,1.0861908385658112,0.7471798857817924,0.8182887581784952,0.38404155855623684,0.38930256658393825,0.09593784713650144,-0.052132902325264616,2.2610239070091436,1.1969120657159704,0.5847195549185236,0.9228892114265147,0.4488107417160183
2015-12-01,0.11513900923164545,-2.1922346202012184,-2.162370207959612,-0.6448298939309879,-4.081726630816558,-0.25787296454782016,2.241086575369643,0.32372511666680576,-0.47273246934423613,-1.2322214767792266,-0.7921165198590834,-0.25199049252511774,-1.3377814379174715,1.03116065406438,-0.28372628940264377,0.33915234179454345,0.27832125719836304,0.2216452184896701,1.172510326850708,1.1154331722713948,-1.1531513064170709,0.4392510317748737,-0.8629567030670735,-2.459485643282447,-1.070939969577841,-0.15377768850127954,0.04606014318502946,0.4858505410874624,-0.3057492730052576,-0.6821395644116227,-0.40414441646762445,-1.349151478572515,0.7385439820532853,-1.0738047215164805,-0.4317410819727144,-0.8328921327262566,-0.04919169404221182,-0.8269708880963308,-0.6337925767260529,-0.4204405376994704,-1.0574460393871283,-1.3366558272278821,-0.5828968685701859,-0.9636512571456997,-0.3130426738872104,0.06753995413728653
2016-01-01,-1.146108906045132,-1.7460576784229203,-0.7645901092053268,0.9005589850059302,-1.8185026621196716,-1.3009081307598886,-3.5260716410634507,-0.6191910121600942,0.5040596961532708,-0.22748862508100842,-0.821612542874126,-2.9761633384322175,-1.0374893863135952,-2.3492326523583182,-3.6836945993890224,-0.0562918060710954,-1.294930575507361,-1.3396418922658975,-0.27746550451072277,-0.35945621125996563,-0.4919720351908967,-1.5656969791358106,-2.910975636213687,-0.0487140298535699,-0.8124366282126335,0.05828220598273391,0.9238462125761915,-0.4592083239156365,-0.21775083212660995,-2.1272431823034057,-1.1457318350997063,-3.3131669286969805,0.007456252588752628,-1.195415455577865,-1.6712293457811882,-2.0090008050048325,-0.7297941277362316,-0.6335945311883634,-0.8812019408870783,-0.5024206940105083,-2.2466984807904686,-2.416589749296713,-0.8891188846417909,-0.6992265223715574,-1.5697785563605766,0.020321389205714333
2016-02-01,-0.1822346788431663,0.321964873051037,1.473398833728921,-0.7076647251224228,-4.3976995167976245,0.2515603831922085,-0.3484089502019915,0.3442888882116331,-0.8323993888328923,-1.130662545257606,1.2208032124271138,-1.2264089078136728,-0.016233069559803723,0.06389302150169729,0.4077327022184093,0.12645321942591153,1.5479378829784163,0.26227382113183817,-1.1634772657366648,2.6358607293131278,-1.3295175128274743,0.906239493055479,0.21357696015264946,0.9599276019052979,0.5319667485546256,-0.02097311083672828,-0.6084695404931024,0.24286293492029037,-0.6411914228653094,-0.8604013719262472,1.866668888031187,-0.46542643479851,2.4662096945687195,0.42278982742051374,1.5011844628328201,0.48790734042691775,1.7774956873538124,0.6025944618414549,0.8358422941838632,0.01618031129038704,-0.30114624401808227,0.5804943978640985,-0.18767216848057805,0.7087495753261541,0.007659670211423664,1.3898288006861415
2016-03-01,1.7444342153098005,2.217622131097652,-0.8930870364718189,0.0508282686108849,3.9304273279297264,1.7510320874828338,3.2818771298410465,0.5641279570327763,-0.060467055865885765,0.7186133811125793,1.0311738137837758,1.0560199262352528,1.3716371715522255,-0.0843765176540864,1.34991394977758,0.6767916908218937,0.07866304051198253,1.4145582136623245,1.8260921242400625,1.4278836077069037,2.783541516715523,1.4622251673773434,1.0335065753714234,2.5701796170624354,0.9075945588475595,1.1007210101661453,0.7444809580045626,0.8267498539959596,0.35692808438297907,1.296423457016869,0.1139546821321875,-0.1737213858515333,0.3330002143977555,0.7896561133400565,0.8815538725340282,1.748668937049004,0.1390604066433208,0.6502174994989183,1.2494282582341496,0.9174467620542125,-0.21342272981224103,1.4783540880594517,1.367244642064824,1.1804451027887934,0.959636105769152,0.9018636053967757
2016-04-01,-1.8068735934740356,1.4918977537172433,-1.3467939021180801,-1.1543542596226242,2.8099332049793544,-1.236880977717855,2.6355435508438783,0.29757608004568353,0.2886671517761314,1.6733225097726203,-0.20013261091916712,-1.7381354617766118,-1.8087753380543417,0.39158351961136795,-0.22442882797316335,0.07060037241149043,-0.14637177826414696,-0.9363198857985483,0.8683948809876793,-0.6776665224530415,1.3557983369322937,-0.0337256421171582,-1.524987300533458,-0.4266344310822771,-0.23010246776492066,-0.08282749335417644,0.36052470062510633,-0.4825837988574386,0.4032405002959394,0.23885771427104321,-0.1339116827668706,0.3167004502445144,-0.1521741645912358,1.202052504752324,0.5943086529868923,0.4690964995509064,0.7761500851563735,0.25287626811664726,-0.24948174102917334,0.09670544642550558,0.7613234252594951,0.9501952296503996,0.28050922695994657,1.4242901247913398,-0.10484310578467834,-0.47456639878914464
2016-05-01,0.4538106950490492,0.062232610977524604,0.5838934293012169,1.2361615188704196,0.47823478566836497,-0.040219755401537674,3.030787828961825,0.6276255439530553,-0.7897850733989182,-0.08647281111534663,0.7666971661857142,1.5589910805944172,0.8317727045224773,0.24238526382524686,-0.9025308594319603,0.3031402671762844,1.1167441205515498,0.9667891878263316,1.346376301092517,1.0901738194860167,0.5896829460837433,3.316660413101021,1.5648306573898796,-0.2228453211536685,1.0047194660897745,1.0559051079535675,0.12487907249301286,0.592211613619355,1.745160031541562,0.796450232552753,0.033615695080477036,2.0192378919736163,-0.35014914300496514,0.8843742351255369,1.7364286359648358,-0.4578077426424154,-0.03100447881118355,0.28422028165432467,0.7314011278726182,0.8295563586707033,0.14759752853543615,-0.7543140537174624,1.5413194887507773,-0.7986029633874164,0.40807112816537494,-0.19651276377444266
2016-06-01,-0.5275281466576909,0.08236566852242716,-1.0638808352452374,-0.3086724718371643,0.07025695190320481,-0.8789015576212026,1.3463651080785555,-0.38986226359330395,-0.8518007300591574,0.03838481264162419,-0.1962883653369639,0.3064327134527971,-0.4993786688538497,-0.7734685194665758,-0.9410353176812202,0.5170173324231414,-0.28508143311084855,0.21304238764603733,0.510991578929402,-0.6795489210133211,-0.29854056946768615,0.07088286409029472,-1.310687320017915,0.052390920007934015,0.5221801818319066,0.2472405127665346,-0.44528389966370274,0.05014757316797672,0.006516325876135497,-1.4156756757750235,-0.46606783105749927,0.9002158226831715,0.5282146363826722,-0.9702986480712835,-0.11626719641046979,-0.4519325830945483,0.11223708479012123,0.43274357878418646,-0.612688503852561,-0.20574942927545029,0.5599621796306745,0.1448863622952812,-0.20060170936176905,1.0687202896205104,-0.5872971754696198,-0.4155596836829433
2016-07-01,1.0320043735641704,-1.4304560654918046,0.6472490436886007,1.2843127696423358,0.6865473127964247,0.6581812884840359,3.6370455371337345,1.3790654300262286,0.7446830954202573,-0.05280162032346551,-0.13030106192587382,0.0664765242641808,1.0865661192771463,1.6231123087156303,1.0091572629974397,-0.19273652095112354,1.9587523440683046,0.8280685389445328,0.8773748591913073,0.9772729624250924,-0.6814253177490064,2.4499882449962334,-0.03171940868626081,0.8816937043571258,0.018624818440592432,1.2781718953355974,1.0224399849472232,0.4162022458025592,0.7345758331394835,0.8131853663333992,1.178429882644684,-0.01832769543673447,1.2233542066188554,0.5660758198758853,0.3623780058755029,0.731047563650251,3.1179569576085093,0.37780334029015666,2.1146456224815955,1.1566024234804149,0.24290976727603808,0.6701013260234754,0.9051769500018416,-1.0077553709548221,1.5539397299995255,-0.38365928297057783
2016-08-01,-0.4894541416982284,0.13194565553928986,-0.2683935127526892,0.7219454917696496,1.3577092109257898,0.3441991402165481,0.8302036120897462,0.5433066269897732,-0.005124472302274955,-0.35487959721825113,0.615622793403529,-0.19545012360617878,0.2561259937582522,-0.5456121401438686,0.5068228174565949,-0.03520316151502932,0.17806381015683362,0.4249342470248912,-0.6035558189983234,-0.9556427804198071,-0.6005082243065212,0.8049663895628736,0.7202423194807313,0.707178709063595,0.9915438234034462,0.4514448611554651,0.19104075321645353,-0.8932762871765539,0.22002731871928455,0.6702588478761886,1.4858383264627966,1.9989390801714635,0.31104617577335547,0.1891575460059193,0.12526851867325775,0.8689857143371372,-1.1134545704361565,0.24439044232898227,-0.30453793171757637,1.2348366394371104,-0.6746228973335897,0.5650271416041882,-0.17124629214396433,-0.1480144357313562,0.31253833851851825,0.0918797181468869
2016-09-01,0.3715996437505555,-0.08710005608063277,0.28007880460093365,0.02874431076955381,0.23077830975628538,-0.6563976920321951,-0.822124768802644,-0.8524798829342609,-0.5979225091670655,0.4306931294688416,0.042377984211276525,2.8073208394184666,0.7613777563423186,-0.25106221230958764,0.1115653565190825,0.12804290805081836,0.9910623614335191,0.21696756085493732,-0.4566190370920967,1.0416699403775487,3.0101374470884714,1.3283221988568532,0.13469603913471223,0.30130869338183475,0.012137066220583536,0.10929603126919825,0.20284312998853354,0.07771438309928727,0.16423450640066545,-0.15654251156273574,-0.0049815736906130125,0.9038417521592514,-0.14377244437770384,0.1273037419303826,0.5830178973276215,0.6770060025667161,-0.1109818786872014,0.1872214909686829,-0.4023867139053517,0.04449570125618824,1.0405523148311167,0.39718900860478645,-0.222972279060312,1.2861399579539328,-0.0453513115774869,-0.3760479211098357
2016-10-01,-0.4342193117752708,-1.336156710893669,-1.924086836700154,-0.7918467718283169,-1.8239932206552911,1.9660277987935033,0.5432330773365861,-0.5484382388851954,0.2119776511015575,-0.43417369221705227,0.02347842022931038,-0.006158630195051912,0.05189813880683041,-0.27285759572757257,-1.1005591508932935,0.3500025074077459,0.03847827268894625,0.2693679874531487,0.26727610483162634,-0.35883287979288814,-0.8066727500411006,0.45366404287022233,2.840509842687151,-0.38848499224370897,-0.00808975608892194,-1.0465806648134812,0.25180290870249394,0.8953188685585793,0.35651593098341805,-1.4533021717235042,0.22727373538510454,-0.4259182024439065,-0.6301608108237483,-0.6818610393711365,-0.2467313459976531,0.10795756827224443,0.062195275342822556,-1.1536688392440453,-1.2277714304439844,-0.31104258313298916,0.8007210186344257,-0.5127596477292756,-0.032526715552270366,-0.7713736558967808,-0.8923665762888521,-0.7393069428704833
2016-11-01,-0.5272830172034725,1.848734227621046,1.1284106317330642,0.7904594177570564,2.9203840457569705,-0.13559515636862107,2.507222226581721,-0.16832061721596606,-1.1583570894580117,1.2529887131557265,0.323969118916066,1.026670181489602,-0.2620507341253428,1.7791367560415619,-0.136616306412093,-0.2601722470210353,-0.00997920992361257,1.084331234375739,0.771564903551916,0.9801590477390302,1.2390796427166504,3.126301731216258,-0.7811913998979447,-0.112940112079644,0.23441730356806834,0.9566448772299685,-1.2106009764486534,0.8189978964584996,-0.9639259916995103,3.1795468252235963,1.9301622507235945,1.5524483385520669,-2.603859852418492,-0.6722615997833171,0.5038523359087641,-1.9232789790043814,0.9077138295893744,1.0754178033521946,0.29555340806373703,1.1330730730298595,-0.22964250635086642,1.6995805692965393,2.2099384742840775,2.310103733164444,0.04269032784749135,2.346880018731983
2016-12-01,-0.7853206099753516,1.3335514736125005,-0.5898421258244783,1.3425446950828874,-0.6643602402077398,0.34406109030014664,2.8939450487769034,-0.0030419085250665994,-0.8896958331977833,-0.03148672306475341,-0.4940509972071496,0.8684013510904358,0.5620892494320435,-0.28277604311704657,0.6122372160927396,0.9007366940366107,-0.5274976268366272,0.01912373019438352,-0.2127416360972727,-1.9753739684505147,-0.45995354423272694,1.7572298299339881,0.6779214012413816,-1.9248002801837878,-0.325811653530715,0.3907727714515018,-0.34644922361263897,-0.17562630404513627,-0.1184677111774363,-0.3485928515996955,-0.7512464300611784,1.3853722261594896,0.9869673893047465,0.14961117859625558,0.1503694140359412,-0.6454137725311677,-0.7525188258638812,0.3774200364717837,-0.011381006056168699,-0.373850436782867,0.099844473620605,0.1801188076171326,-1.0109327922877889,0.27443354054857083,-0.7679357869969652,-0.1068026245126247
2017-01-01,2.349751243722325,-1.7575610873597423,1.393355516554444,-0.46124891020158554,-0.035914005237792576,1.9235021441348725,-1.1266831869257259,0.6194760542844632,1.1918780407099256,0.5505879082493728,0.3983167701441807,2.0144089061294563,0.587684544908068,0.04346722027891361,0.4970607514436118,-0.08299251969975181,-2.508494492879652,1.0435996528540634,0.8291141606829797,2.0047700478962076,-0.6962438851757711,0.28478606356406133,1.6132245899259874,0.488863478583892,0.8344401115109555,-0.5958296167021582,1.5702898363579134,0.9897991417572081,-1.7660627238468851,0.15015698729694965,0.5347748892010464,1.1998633745446519,0.22473594820147308,1.3532929339980915,0.29886417334574017,0.5206236093373554,-0.052078805257713155,0.465496813562387,0.5583186505814871,0.613353500695528,0.26685836561664167,1.049815364368594,0.338055719087917,-1.0591058646558444,1.1976271021476161,0.7847175949327759
2017-02-01,0.9418313782641607,-0.6883045770151345,-0.08524557073108333,0.21593698421394372,-0.6506097661617809,0.37639047995334224,4.409591603004727,1.8132381792994947,-2.151629439528397,-1.13374179952409,2.2747168102934916,-0.4827805949047831,1.6652627752737672,0.814884036151516,1.1668264734592306,0.7004854884018021,0.8597129740064565,0.41827286999066937,0.055899922831185556,-0.6418035764913934,-1.7084812271448027,-0.953287388164343,0.13317647710293018,-0.3106113681075771,1.6906655050954287,1.5117724617947799,0.5208936778366938,0.841545153696968,2.135273088862293,2.1789759008321545,-0.11669816881361599,-0.3737919981006634,-0.0009747140461832116,0.4089813974946738,0.5494667039813826,1.8838727252370087,0.8818791714314651,0.48522978463374394,0.32995512396419563,1.0476969269373377,0.6196515444285055,0.46616577733971676,-0.45922147064070507,-0.39615953613841987,1.0424117012247773,0.0931144628420552
2017-03-01,-0.1249159525851125,-0.6526092165746872,0.6792159909964971,-0.17461702877168706,-0.40610791755697245,0.22005413572671034,0.06798288757137601,0.29709737532477837,0.40315496249507693,-0.6413130042896035,0.17587090087767365,0.8452074557382471,0.5208875251485042,0.08131020489291896,0.6101742269038205,-0.2337852394585603,0.16557460450241532,0.9136543140788678,0.4629162214008813,1.9242449746134938,-0.25290258330296994,0.776201057785405,0.42933659197964075,1.3350569556777274,0.10531449996148481,1.2053379489997038,0.5139965070327397,0.5858591307634626,-1.5751842549553177,-0.152699807449776,1.2621709811094066,2.2942692954490207,-0.14988749630184425,0.13527611421399646,0.5050651467395163,-1.267395799525159,0.00027050993845272525,0.03414299599418919,0.06790333803878065,0.18873123220629417,0.26019607620184326,-0.8524992193285315,-0.22170815859402182,-0.29232367747587407,0.0657155733673854,0.3172893234398012
2017-04-01,-0.27385396670292955,0.1694819495245603,0.8349990762080394,1.1450688980030699,-0.7285837241395098,0.603609826704307,-1.1913891159870131,0.42040557898131686,0.6544089909780522,-0.7999708346260366,0.48521577613198935,1.0114573423517021,-0.0009243432128428252,-0.04056638306974307,-0.014838555484046773,-0.45546460054006693,-0.8599957440260084,1.6029850433503272,-0.17741623910598,0.9381109404717171,-0.6635508444222633,-0.5760740056564758,0.38818314319978536,-0.31651404580212195,0.28559225453803083,2.1227520012571444,0.7443475681642658,0.43233128695117184,1.5112041827194247,-0.18849903089448217,0.6990514809775809,-0.5768516795464248,0.5370431596732047,0.1763665930222963,-0.027870772387518707,-0.9333433070015753,-0.07025223338636821,-0.2448970102993216,1.1716778394532377,0.31969438195977523,0.1969864977475788,0.6382520860745796,-0.08665466086480439,-1.2374433996629304,0.7233321953667721,-1.790992827278185
2017-05-01,-0.19278616505166238,-0.7113007016284804,0.06931824769881968,0.697694109997482,-1.7213374363178666,1.0989862689075842,-1.978699014341508,0.19259615705749392,-0.5486491958297584,-1.330193619946988,0.8699550354009642,0.12661364061720895,0.7515020076821606,-0.9266293720168061,1.0759748201776025,-0.07110959050539889,0.8409817141317639,0.7883305927292613,0.9148487397468319,0.5657056837743307,-0.4515150663792653,3.734435737509287,0.7901823797639621,0.5489911157865962,0.18041544978343438,0.8666065005236832,0.0918773053954681,0.7165345446624033,0.9506229333539724,-0.5767383198497064,1.5640338659074573,1.216374305863881,-1.2608568678829264,1.302982396408144,0.10700121810798145,0.2528340688044693,0.2672279634768873,0.5969904422285738,0.07094562249031681,1.1664125567863728,-0.11971980135521597,0.6797431436104803,-0.5009494472545745,-1.4777105146373053,0.05118125946011545,-0.39381199197551475
2017-06-01,0.20556174517865583,-0.45398470850457573,-1.5729880843817348,-0.4179084251482458,-0.6774067786399598,0.4886691072087036,1.2497692746411353,0.14100390442218574,1.3139668048854773,-0.15677697299859547,-0.5508849260565248,-0.12468971874708812,-0.6748542136402009,1.4518108630139457,-0.04174139869301336,-0.8575647334695689,-0.41753601227819453,-1.0295060106711207,-0.6772026463018884,0.47250790386942915,0.28308069540259506,0.0166528999825013,-1.002105170345506,0.8889614115571912,-0.3007188363704795,0.38169821875703086,-0.036359689418727664,-1.4655231885825417,0.033706026143335045,0.6003829783887809,-0.3359796097655679,-0.34386994082599665,1.0108189275670434,-0.16079173768267896,0.2182578412197765,-0.006351541429775615,-0.1109878792915182,-0.3279602562529837,0.2914646926401479,-0.8740752499351939,-0.1828714331363092,-0.21722838602678654,0.4225821711417859,0.359724457176804,0.30816874215958895,0.09512353717361041
2017-07-01,0.823323596269538,0.19097643204757664,-2.4060057022157157,-0.20938049026888622,0.5173531333296169,0.638303422012183,1.0921360612188993,0.7088371924661759,-0.13125084652216412,0.26870436643261547,1.2217546589680333,-0.5048796753137352,0.4054726673280734,0.5263439266893598,0.39203542049563983,-0.46788682232567896,-0.4719316619611772,1.5118509833495006,-1.6931489575481122,-0.4572580084327627,0.4671899312929558,1.4747626274892114,2.462576745632771,0.5163820510717991,0.6136864014809933,1.3599828031086658,1.4392924859766274,0.15327613341671537,0.6070110208323578,1.63092020344908,0.2200437376096726,-0.7564878186302544,0.14601223712302688,0.5526903451201991,-0.11947037605523572,0.6678572873437585,-0.2091345903779319,0.5801542202402598,0.006108376758939338,0.45846583874995356,0.2524259221538351,-0.981478172561458,-0.3929387023198535,-0.8935153789092454,0.9903621320467003,-0.07064505700136385
2017-08-01,0.5571720023749996,-1.4834397447733099,-0.8982846285035498,0.5347749043477952,-0.6469807961548417,1.5471469759701821,-0.5024160592160258,0.5930742360092497,0.6913760247029536,-2.105878932959853,0.6876144803232364,0.39814019800778505,1.1137639544151423,0.28117630145529876,0.7424162169705227,-0.5849276204237831,-0.07047098442187193,0.4390732432258127,-1.403326040179203,0.830551027795304,-2.6527700647423442,0.46718112758039654,-0.42740660853003964,0.5934421190463334,0.5374998671903777,0.6060016272209233,0.17468134139662647,0.1982572872893358,0.040760696529535914,-0.4299725764030286,-0.7943548351020845,1.4059062996219276,0.02933656419913126,0.12926850169102239,0.4097646096644034,-0.6142262637136371,0.2823073074672103,0.18990908129836448,-0.3979310007289229,0.935586509147028,-1.2186457050610489,0.8062861421420433,0.3927179195165763,-1.7874199772972985,0.22998874537938116,-0.07421360247929264
2017-09-01,0.4852279383109649,2.4285836886937626,-0.3583296708746687,0.8784592733006005,2.014742401886495,0.64751426471487,-0.2446678817994806,0.24927668214347168,0.1958322752728478,2.2245979511004945,0.05759288299752927,-0.19858742386823508,-0.7829002572576422,0.6098762648675431,0.25873419809225007,0.48731184247576537,-0.1040847529127192,1.403084632049382,0.2846656947299676,0.8694908402987721,2.076901046796236,0.6753749469486744,0.4699976963210103,0.017003025927352866,0.01722283855247573,0.6617204976248674,-0.08085476965178813,1.5554400070429577,-0.24453524194300594,0.8783436443532124,0.6851869776602614,2.6105901117150685,1.3484252964917747,-0.059551671270928086,0.6314475013329935,0.9289393013635705,0.8373353836391196,0.931110819493387,0.7451102969162557,0.42532052134449183,-0.6916373350645182,1.1693172327221635,0.8450836425723528,2.6160669003449653,0.4777952134295592,0.8312629014214039
2017-10-01,-1.0741999873974015,-0.6871019610538867,-1.4216615478259171,0.45342411514769004,0.05913314323521413,1.605806711080833,-1.7015214569022745,0.044984391303290294,-1.0407117325590785,-0.19963959780645893,1.0237295679821783,0.3743083742183504,1.0584443731774664,-4.210113365182959,0.11351405432703032,0.21418575682082316,-0.18488059408076474,1.3711390413014455,-1.3009261809202888,-0.11052344341649224,-1.0971099082516165,1.6689308708605226,0.914956984672833,0.06794848501400987,0.8218154314698705,2.854273321526876,0.6000705354475456,0.3081161662651189,0.9394063918383754,0.6031871589667585,-0.19879014980446674,1.3656427894310552,0.3931516803718846,1.027671664139099,0.622648320018585,0.7518804239776603,0.5470378410529455,0.502685857572377,0.26631846623319466,0.6232090540246251,-1.2696909263418454,-0.07125238983722651,0.01785721836551896,0.4736642977188577,0.260324664399565,0.419268232486526
2017-11-01,-0.26013967464285814,0.45852126899537804,1.3545059144384741,-0.642548452394133,0.5187087516769257,0.8731810371807776,-0.10968934941437422,1.1436193487053234,-0.7972587542165269,-0.6526178732598915,0.20673533092893723,-1.4878961740523695,0.2409022047212289,-0.01665007849255339,0.6651005902966484,1.064904468027576,3.2540591705962965,-0.972744499190602,1.1297127897610142,0.871216870822866,0.13269563104950266,-0.3509357171281954,-0.5532079874072557,0.7142504538766968,0.5237689357022193,1.0521684198486763,-0.19348789770390704,-0.6865231834675976,0.26896342897798975,0.5643785531370078,0.7539455166711099,-0.5315753428575976,1.5127321861599643,-0.3978650250250735,2.080462684817592,1.148539119443687,1.1068578171415984,0.3483508763033873,0.8968252958528634,-0.9839095723414941,0.5106124999305705,0.696575127476501,1.4397097010124686,1.0501617020688385,0.7989266533525068,1.310480641971821
2017-12-01,-0.11123396699778987,0.5033041969533076,-0.6524196503678873,-0.3846672983798721,0.9250769839202574,-0.8448465666796849,-0.7263236536899662,-0.21326369298913642,0.012055336712138275,1.2920404943966262,-0.6144691693831522,0.18465550559701113,-0.1935772247630658,0.4335725211565064,-0.42452498065549643,0.11423889525783142,-0.44852796449663695,-0.5181879821930317,0.11033575669967954,0.8110413622955026,0.11693200444956423,-0.46095474796086966,0.29082842615151583,0.24666772826933805,-0.7377576119526159,-2.022648610720436,-0.05130548393882376,0.34403021831912434,-0.4138625136226671,0.4726972756194538,1.8153226535261218,-0.3832652350134933,-0.18207547928495452,-0.03888994812225095,0.008754710851802,0.7111477028833089,-0.3083792645202011,0.41602067056741676,0.2988757588805707,0.1282563982966301,-0.7428984430630579,0.5573656817789818,0.06319691801390304,1.2403434199856744,-0.3543376022271957,0.5413594417651588
2018-01-01,1.8926639107683105,0.7448798062334367,1.398671920015968,0.9575022179888594,-0.008700323413480614,1.9517677559147988,3.481332433016187,1.1468222295961998,0.45607109804097423,0.5552450095745225,0.8420622719356297,1.3473287865729686,-0.12832001640575355,-0.37371609736948436,1.3435669013134726,0.17108332023438932,0.7677815949106686,0.47611145546012473,-0.08399159510737857,-0.21545799478412503,0.7949152029490008,2.8708877079350517,4.106944273871571,1.4691436560591886,0.9951162192441698,1.9777394529699461,0.6891113444986783,0.5284041066173689,1.7187536430847825,-0.05464675645397757,0.7786225311582596,0.735733152695092,-0.7575997708594466,1.307582875247362,0.2420438010359277,1.1905149023248174,0.6603557868952128,0.6047605072528469,0.22325206703003772,0.9626130743180558,-0.2155363072772909,0.4852902787994657,0.6204302294394001,1.2989917095452432,1.1007060331945342,0.13798107164664253
2018-02-01,-1.5699513376458298,-1.4087979294419224,-0.26190235394059247,-0.25596185478133815,-3.9692772898652713,-0.3364013790249509,-1.67486814274815,0.2510243142421545,-1.4018450656278372,-0.25103846312898564,-1.935091808439755,-0.2923706481358301,0.8748513110474915,-1.981740571508027,-0.4753498601976535,-0.6692953273472879,-0.5337574381571377,0.023525474423939322,-1.169798536596837,0.1924438054186126,-3.620930238867654,-0.1984069645914229,0.9960083261701927,-0.9540789269049371,-1.1888538711353078,0.026297181406501065,-0.622578932445145,0.4926548197655524,-1.2544508117380986,-0.9319527770754437,-0.11303321098767478,1.4606655681535805,-0.2514786739581717,0.18967141018129108,0.8000020213447327,-0.8087173351626785,-0.8035456714268857,-0.7116883972875222,-1.0953186333530196,-0.8485619412867057,-1.5618223766720483,-1.0166477843618915,-1.6782531004327097,-1.310308956375616,0.4458314868763316,-0.0580447018901546
2018-03-01,-0.5216251664740893,1.362288997128294,0.1758348620702213,0.165590272981234,0.4523797784019894,-0.6143879961161031,-2.2375065087716566,0.6558560829065725,-0.6220313936000833,0.1875973510201659,-0.6355734687292814,0.7654817568790574,-0.7176480174626175,0.2844794461434555,-0.8661717765144359,0.2465525701146325,-1.9155263800260287,0.716968630731223,0.05416808052810176,1.0199928730754924,1.4325099171808466,-0.5276294738976522,0.16239408522261073,0.5804116495728775,-0.20440020199779013,-0.5322776996710892,-1.3166318281990779,-0.4642524730019818,0.7513940352416218,-0.6703882575790517,-0.3355260727965688,0.7919659051781076,-0.1935401077227789,-0.19853300446922212,1.0122631468684968,0.15327141476122447,0.13827527640012582,-0.22751731014503246,-0.20010468353715782,0.3234975963398966,-1.1468886003620533,-0.28816098241270754,-0.38136553224453984,0.3679628407865439,-0.4081063323830262,-0.028540351507357516
2018-04-01,1.0646206567885053,1.4223488698983267,3.241910493990001,-1.408415371454385,1.6019055750216247,-1.0948206260183653,0.9522431815510256,0.028867178147970747,0.032528357356520696,1.3224025782255404,1.028352681071594,-1.8951976066955711,-0.18160335606161032,-0.2872351718799343,-0.05520604638069747,0.13002096934641566,-0.9928595458857394,-1.1197652761415515,2.4678198553348727,0.2494204214515744,0.8181503549255587,-0.3517523695134995,0.6757838306147664,0.6358257698189258,0.3228645274580223,-0.061319886774089796,0.88360878814769,-0.8282280901938022,0.5213795843827965,-0.6439860233961949,1.0719644695651398,-1.5087106490402293,-0.5176339481426372,0.1635147197409983,0.03529104147077429,0.2799677258173188,-0.05306177532238719,-0.6940955462384546,-0.756847256671333,-1.0565600217968014,-1.459804418936124,0.6610802629825382,-0.21699598969207107,0.5273095701755564,0.06676672809902819,-0.9678618507289825
2018-05-01,-1.6714207928736797,0.6694524613162368,0.18386519878984922,0.7298130156645761,1.5433274936169354,1.4259037522836437,2.6649794314677586,0.9623026662907651,-0.04665358296598225,0.6551582798441505,0.6637744856952627,0.6664308068811012,1.4517694483204708,-1.1645592260423072,1.6553625685282227,-0.0030870287986273226,1.6137410452297347,0.7845846568833682,-0.1840792544142461,0.6338245867468264,-0.26886376749414204,1.3189344110946744,1.3518396764777896,0.026465299294895373,0.3378930110425183,3.2545070313374818,1.246877656083357,1.3032521127255448,0.47387007907630035,-0.05113898536003054,-1.3116087842509672,2.578904253035502,-0.38918445472270286,-0.19311992664558114,0.8114910391629636,-0.44682378781384985,0.2739350810962604,0.42051354701803434,-0.18293180575046944,1.784225232802244,-1.4541903139199677,0.6932082291599859,1.2792189475263396,-0.4235953070097913,0.6057630152763983,0.7193367630549199
2018-06-01,-1.370104040729376,1.2700583118892463,0.0331496455931798,-0.512938773569749,0.6933770429823557,-1.0731545231287583,1.0536013248726854,0.2092742161727013,2.2665928245818314,-0.1420145827381695,0.24067987445906902,-0.8323337174522568,-0.1135544222919783,0.11233446297859545,-0.7451247520489932,-0.4385743431504347,-0.4202121352312786,-1.5763248215400383,-0.6721575312923955,-1.8976538961004636,1.8712171341035844,-0.7505354825625031,1.2877499768815008,-0.7968830504762734,-0.3455663818637043,0.3628279307932182,0.1578893643004385,-1.1911905138762866,0.38975877249536434,0.10771601292043866,1.1374863747862014,-1.1241517375258911,0.2429651035533933,0.03658519558763836,0.3727742766898424,0.661630260070816,0.2834873759269992,-0.6400018292838872,0.04819809080211335,-0.8197298951008647,1.544879302359859,-0.061879539964160526,-0.24507857332925087,-0.4832362902826118,-0.0007037340615807132,-1.2085978797095926
2018-07-01,0.9466592313929227,-0.22819828215043772,0.0635357543073836,1.191104848673691,0.28325493838219834,-3.5565222342705747,2.413869130125972,0.05500287690639373,0.130083440758852,0.2723966622673164,0.21419299074881298,-1.1817630860591575,0.33118751124971324,1.51270712839347,0.8150750625486034,0.3932817615876691,1.5935535399941214,1.175552413712607,0.5490542693998478,-0.040225709472594004,-0.12654619863097805,0.3965822593560106,-1.7806715265598092,0.3007680977669001,0.5294573868836159,0.49841806526735055,-1.423744976344789,1.6272225648474947,1.0129783575996576,0.48670638213065315,0.07218934232470346,0.07982596164836454,-2.1304785460812137,0.11568400685928418,0.17481618739856786,0.3563927290813296,0.28190788473674677,1.5048488082429834,0.9321423923932667,0.3228311472708348,-0.7551981700936652,1.361763138350643,0.7580311034455135,-0.4623701854202622,0.03933479690902618,2.0981910921331077
2018-08-01,0.7696948040708209,0.2818173978190053,1.0017858862712843,0.8965127924417532,-0.5183945003583648,0.7386316379776862,3.47446374483602,0.9270843158068496,-2.5223981884472706,-2.094020575459039,0.7096026389588886,-1.1361781716059067,2.0014640268092463,0.5178209029975919,-1.161217103596951,0.01193311436774872,0.762643551470395,-1.0581283998063324,0.6783875453432813,-1.226495776589914,-0.5294493632912727,1.5018707177074624,0.9400212182125799,-0.7628157112566203,1.4559926217076469,0.8803683284155694,0.19817931040969886,-0.04251356777081453,-0.7716892575396386,-0.21211465951542566,0.6423058355529335,-0.056182173173711096,0.9914771520013398,1.1106940986462994,1.2473456633060314,-0.16584892153740882,0.9553885187702743,0.435874965663943,-0.6606693511690134,-0.8559429203867496,1.2425557943801053,0.36126736101822443,0.8150752953666541,0.8552195128651026,0.4612561537849109,0.27181166980821214
2018-09-01,-0.3027748427032058,0.8607883955593426,-0.5895708618311963,0.3928870480671906,-0.9321859800090787,-1.5547124146177091,2.7160251630683327,-0.21137159562328617,0.6564672039936922,0.6403098860190034,-0.49405122073845614,-0.9112742753928241,-0.11058273721990075,-0.7154637881525145,-0.6343090932966335,-1.0432872549464252,0.746083767835287,-1.6576908230499376,1.082948301697534,-2.053766381626333,1.1138881320342464,0.01605643769653893,0.23065120872196854,0.11438326261489608,-0.46648824436517494,0.16133431945399893,-0.8790991023667596,-1.7676246786259928,0.8192232939248045,0.5221296546115396,0.04297717747605406,-1.9819599034195046,-0.711355678508861,0.29791363196788245,-2.938465411065596,0.8472938086882934,0.4697528810496875,0.4046183753285818,-0.48739643913137765,-1.1457781241046512,0.15294482400206003,0.4986348012057786,0.7034432623286854,0.6319794875517504,-0.8316701565765235,-0.07749544641107675
2018-10-01,0.35559461779528584,-2.4188867796652955,0.13916646901425483,0.6885678311422893,-2.2923198275728938,-1.707340638577337,-5.790101487585265,-1.8110921711680135,-0.7822797192338883,-2.489758463888733,-0.18283640118664407,-3.362377185422932,-0.3391217385877468,-2.4436528821033257,-0.9687853395430145,0.5782825753562026,-1.4867510069833967,-0.7448341716711492,-0.29920526465442,-2.5584266083122826,-2.4682437295219954,-3.148616002183022,-2.3546120999160096,-1.956108198873817,-1.0583882932007909,-6.247439471060733,-0.8783786280722914,-1.1542650556147134,-1.3131397793404742,-1.6307394146584624,-1.3500201622201504,-1.9893765642109222,0.07154473939140252,-1.195551127168145,-0.571736145187146,-1.4262790549730213,-0.6259829977677221,-0.7278470798285014,-2.1392543573008385,-1.994000921825932,-1.6573401531003678,-0.7974083971479164,-0.2038288596077126,-1.0843295624180533,-1.524622959242405,-1.2398825619512863
2018-11-01,-0.41617611704099744,-0.7571928472991692,0.33114782545769195,1.0099126352769505,-2.174534010464684,0.748881993034073,1.880834321198228,0.5709070345486258,-0.799392386182269,-0.49792747860677117,0.12588028856479153,0.6295808413489195,-2.3989503197595443,0.10346376115719828,-0.7564003094331928,-1.1524874206207958,-0.9176576301118867,1.2248059942838132,0.9763738893197724,1.0929731019172184,-0.8885636327616783,-3.044008427118667,-0.6390240117068877,-1.0633174473106948,0.318749591051166,0.46240410172373053,-0.9180940495681652,0.9845585469979043,1.0905880927695695,0.31789461127841045,-0.9926256689541098,0.264300182751078,-0.1166241647898138,-0.25695491770343226,0.5444035831552766,-0.4044815728367252,0.09035111227338061,0.3617856977455231,0.6576460983668333,1.6334982573505281,0.7637217250188034,0.2636234358053257,-1.6085429448982427,-0.19970800804695715,1.1073523120168385,1.7052220071486939
2018-12-01,-3.93153516223766,-3.724867049913305,-1.2149035098321073,-1.0921309490383415,-2.370376986166523,-3.0098334114044136,-1.8979692667954573,-0.8417515869161747,-3.167535529720787,-3.122601929283928,-0.4675256849081782,-2.540602028119047,-1.645804444606803,-1.5840022938270248,-2.057135557226456,-5.501357049765408,-0.16773786417186587,-1.793604770502339,-2.5967094335973346,-1.3369336343860532,-3.8647465406297754,-2.6829154978346317,-0.8850337884061261,-2.295115912231427,-1.1600803350169746,-1.2362776658911223,-0.9298272480387504,-1.2804055546627369,-0.8171458450344441,-2.8869542199631235,-2.534150239278898,-2.585691282920821,-1.3114458660575803,-1.0705341447627144,-0.9117322908940345,-0.5374282209146974,-0.5752787651996342,-2.3791601765912014,-1.0672002545825823,-0.5561721353277989,-3.6013867895316887,-1.7584030535201363,-1.5424972724079118,-3.10814821911722,-1.6899428606357478,-1.6596105445424465
